amino_acid,smiles,expt,tip3p,cha,zap9,mbondi,asc,igb5,null,id
ala2-abt,CNC(=O)[C@H](C)NC(C)O,-17.86,-17.86,-18.3563,-14.8778,-18.0435,-19.964,-20.024,0,ala2-abt
ala-abt,CNC(=O)[C@H](C)NC(C)O,-14.01,-14.01,-13.9749,-11.3775,-14.3287,-17.068,-16.218,0,ala-abt
arg2-abt,CNC(=O)[C@H](CCCNC(N)=[NH2+])NC(C)O,-77.28,-77.28,-78.04,-79.1225,-76.9841,-93.141,-81.938,0,arg2-abt
arg-abt,CNC(=O)[C@H](CCCNC(N)=[NH2+])NC(C)O,-60.99,-60.99,-62.0422,-63.6528,-61.0514,-67.443,-64.074,0,arg-abt
ash2-abt,CNC(O)C(CC(O)O)NC(C)O,-22.03,-22.03,-21.3244,-19.3006,-23.1772,-26.308,-25.976,0,ash2-abt
ash-abt,CNC(O)C(CC(O)O)NC(C)O,-16.74,-16.74,-16.883,-15.1835,-18.376,-21.629,-20.493,0,ash-abt
asn2-abt,CNC(=O)[C@H](CC(N)=O)NC(C)O,-23.38,-23.38,-23.456,-20.6851,-24.1722,-28.507,-27.537,0,asn2-abt
asn-abt,CNC(=O)[C@H](CC(N)=O)NC(C)O,-20.88,-20.88,-20.5853,-18.2603,-21.524,-25.77,-25.041,0,asn-abt
asp2-abt,CNC(=O)[C@H](CC(=O)O)NC(C)O,-79.38,-79.38,-79.3831,-67.6302,-79.9986,-86.413,-82.406,0,asp2-abt
asp-abt,CNC(=O)[C@H](CC(=O)O)NC(C)O,-77.86,-77.86,-79.6057,-67.824,-79.4709,-87.211,-81.163,0,asp-abt
cys2-abt,CNC(=O)[C@H](CS)NC(C)O,-17.97,-17.97,-18.4168,-15.3381,-18.9472,-21.012,-20.812,0,cys2-abt
cys-abt,CNC(=O)[C@H](CS)NC(C)O,-18.18,-18.18,-16.9234,-14.5468,-18.5931,-21.647,-19.721,0,cys-abt
glh2-abt,CNC(O)C(CCC(O)O)NC(C)O,-22.18,-22.18,-21.0578,-18.8613,-22.7323,-25.945,-25.529,0,glh2-abt
glh-abt,CNC(O)C(CCC(O)O)NC(C)O,-17.16,-17.16,-17.3653,-14.993,-18.4621,-21.599,-21.304,0,glh-abt
gln2-abt,CNC(=O)[C@H](CCC(N)=O)NC(C)O,-27.63,-27.63,-29.0239,-24.1451,-27.9665,-32.923,-31.923,0,gln2-abt
gln-abt,CNC(=O)[C@H](CCC(N)=O)NC(C)O,-18.4,-18.4,-18.2608,-15.9454,-18.9425,-23.043,-22.139,0,gln-abt
glu2-abt,CNC(=O)[C@H](CCC(=O)O)NC(C)O,-76.31,-76.31,-76.6911,-65.4025,-77.6221,-83.376,-80.339,0,glu2-abt
glu-abt,CNC(=O)[C@H](CCC(=O)O)NC(C)O,-79.0,-79.0,-80.1218,-68.3754,-80.4186,-88.369,-83.061,0,glu-abt
gly2-abt,CNC(=O)CNC(C)O,-18.45,-18.45,-18.9492,-15.9274,-19.1737,-21.653,-21.252,0,gly2-abt
gly-abt,CNC(=O)CNC(C)O,-13.91,-13.91,-14.4262,-11.5838,-14.5694,-17.757,-16.329,0,gly-abt
hsd2-abt,CNC(O)C(CC1CNCN1)NC(C)O,-22.12,-22.12,-21.7433,-20.5589,-23.4187,-26.394,-26.031,0,hsd2-abt
hsd-abt,CNC(O)C(CC1CNCN1)NC(C)O,-23.63,-23.63,-21.2507,-21.2955,-24.2035,-28.459,-27.21,0,hsd-abt
ile2-abt,CC[C@H](C)[C@H](NC(C)O)C(=O)NC,-19.29,-19.29,-18.4489,-15.2949,-18.4762,-19.948,-20.518,0,ile2-abt
ile-abt,CC[C@H](C)[C@H](NC(C)O)C(=O)NC,-11.99,-11.99,-12.1334,-9.63184,-12.1976,-14.001,-12.514,0,ile-abt
leu2-abt,CNC(=O)[C@H](CC(C)C)NC(C)O,-18.45,-18.45,-18.8796,-15.164,-18.5846,-20.365,-20.656,0,leu2-abt
leu-abt,CNC(=O)[C@H](CC(C)C)NC(C)O,-12.58,-12.58,-11.8226,-9.61813,-12.1879,-14.094,-13.128,0,leu-abt
lys2-abt,CNC(=O)[C@H](CCCC[NH3+])NC(C)O,-82.65,-82.65,-82.2853,-90.2556,-88.0241,-105.38,-90.024,0,lys2-abt
lys-abt,CNC(=O)[C@H](CCCC[NH3+])NC(C)O,-65.99,-65.99,-65.4271,-72.9336,-70.3933,-76.856,-70.325,0,lys-abt
met2-abt,CNC(=O)[C@H](CCSC)NC(C)O,-19.53,-19.53,-19.8669,-16.5819,-20.1416,-22.007,-22.138,0,met2-abt
met-abt,CNC(=O)[C@H](CCSC)NC(C)O,-12.98,-12.98,-14.1914,-10.4439,-13.3861,-15.907,-14.46,0,met-abt
phe2-abt,CNC(=O)[C@H](Cc1ccccc1)NC(C)O,-21.95,-21.95,-21.5844,-17.74,-21.5242,-22.731,-24.185,0,phe2-abt
phe-abt,CNC(=O)[C@H](Cc1ccccc1)NC(C)O,-16.42,-16.42,-14.9251,-12.0002,-15.3869,-16.922,-17.07,0,phe-abt
pro2-abt,CNC(=O)[C@@H]1CCCN1C(C)O,-16.84,-16.84,-17.5934,-14.1716,-17.6459,-19.646,-19.508,0,pro2-abt
pro-abt,CNC(=O)[C@@H]1CCCN1C(C)O,-14.75,-14.75,-14.2124,-11.3776,-14.2815,-17.005,-15.178,0,pro-abt
ser2-abt,CNC(=O)[C@H](CO)NC(C)O,-19.6,-19.6,-20.1577,-17.5047,-20.519,-23.778,-22.945,0,ser2-abt
ser-abt,CNC(=O)[C@H](CO)NC(C)O,-17.34,-17.34,-17.0835,-14.3441,-16.9577,-20.447,-19.304,0,ser-abt
thr2-abt,CNC(=O)[C@@H](NC(C)O)[C@@H](C)O,-19.58,-19.58,-19.8312,-16.5986,-19.4282,-21.943,-21.649,0,thr2-abt
thr-abt,CNC(=O)[C@@H](NC(C)O)[C@@H](C)O,-16.25,-16.25,-16.2211,-13.4777,-15.8471,-18.944,-17.481,0,thr-abt
trp2-abt,CNC(=O)[C@H](Cc1c[nH]c2ccccc12)NC(C)O,-22.23,-22.23,-22.5476,-19.2513,-22.7349,-25.259,-26.352,0,trp2-abt
trp-abt,CNC(=O)[C@H](Cc1c[nH]c2ccccc12)NC(C)O,-19.76,-19.76,-17.9789,-15.912,-19.3419,-21.23,-21.544,0,trp-abt
tyr2-abt,CNC(=O)[C@H](Cc1ccc(O)cc1)NC(C)O,-25.3,-25.3,-23.8962,-21.5611,-24.9297,-27.028,-28.253,0,tyr2-abt
tyr-abt,CNC(=O)[C@H](Cc1ccc(O)cc1)NC(C)O,-19.78,-19.78,-18.4251,-16.2719,-19.309,-21.605,-21.041,0,tyr-abt
val2-abt,CNC(=O)[C@@H](NC(C)O)C(C)C,-18.79,-18.79,-18.4436,-15.1707,-18.3483,-19.859,-20.465,0,val2-abt
val-abt,CNC(=O)[C@@H](NC(C)O)C(C)C,-12.48,-12.48,-12.7711,-9.83226,-12.5509,-14.559,-13.261,0,val-abt
